category,tags,title
Fake Tree Branches Uncategorized,Artificial Flora Artificial Plants Categories Home Home &amp; Kitchen Home Accessories XHXSTORE,XHXSTORE 4Pcs Artificial Olive Plants Outdoor Plants Faux Olive Branches Artificial Plastic Shrubs Fake Greenery Bush Fake Fruits Plastic Plants Branch for Table Home Wedding Spring Garden Decor
Artificial Eucalyptus Plant Uncategorized,Artificial Flora Artificial Plants Briful Categories Home Home &amp; Kitchen Home Accessories,"Briful 3 Packs Small Artificial Plants Fake Plants in Cement Pots, Decorative Artificial Plants Eucalyptus Artificial Grass for Bedroom Bathroom Shelf Home Decoration"
Fake Tree Branches Uncategorized,Artificial Flora Artificial Plants Categories Home Home &amp; Kitchen Home Accessories Tanant,"Brown Artificial Dry Plant Tree Branch, Dry Artificial Fake Foliage Plant Tree Branch,Artificial Dry Plant Tree Branch Twigs Dried Tree Branches,Lifelike Dry Willow Branches"
Fake Tree Branches Uncategorized,Amosfun Categories Christmas Home Home Accessories Seasonal Décor Trees,Amosfun 30Pcs Artificial Pine Branches Christmas Pine Needles Fake Pine Tree Branch For Flower Arrangement DIY Crafts Home Events Decor
Artificial Eucalyptus Plant Uncategorized,Artificial Flora Artificial Plants Categories Danisch Home Home &amp; Kitchen Home Accessories,Danisch 3 Sets Mini Potted Artificial Plants Indoors in Pots Fake Plants Eucalyptus Faux Plants Rosemary Plants for Office Desk Kitchen Bedroom Garden Indoor Outdoor Home and Room Decor
Fake Tree Branches Uncategorized,Aisszhao Artificial Flora Artificial Flowers Categories Home Home &amp; Kitchen Home Accessories,"10pcs Artificial Pine Branches Green Leaves Needle,Artificial Pine Tree Branches Plastic Pine Leaves,Garland Green Plants Pine Needles for Home Garden Christmas Decoration DIY craft Wreath"
Fake Tree Branches Uncategorized,Artificial Flora Artificial Plants Categories Geosar Home &amp; Kitchen Home Accessories Kitchen,"Artificial Antler Dried Tree Branches Plastic Manzanita Branches Decorative Plant Twigs Dry Branch Decor for Wedding Table Decoration Christmas Party Supplies (White, 10 Pieces)"
Artificial Eucalyptus Plant Uncategorized,Artificial Flora Artificial Plants Categories Home Home &amp; Kitchen Home Accessories ilauke,ilauke Set of 5 Mini Potted Artificial Plants Fake Small Eucalyptus Rosemary Greenery Plastic Faux Green Grass Potted Plants Decorative Fake Plant for House Office Balcony Desk Bathroom Decoration
Fake Tree Branches Uncategorized,Categories Christmas Home Home Accessories Mienocol Seasonal Décor Trees,"10Pcs Artificial Pine Branches Green Leaves Needle,Artificial Pine Tree Branches Plastic Pine Leaves,Garland Green Plants Pine Needles for Home Garden Christmas Decoration DIY Craft Wreath"
Artificial Eucalyptus Plant Uncategorized,Artificial Flora Artificial Plants BELLE VOUS Categories Home Home &amp; Kitchen Home Accessories,"Belle Vous Mini Potted Artificial Eucalyptus Plants (3 Pack) – Small Faux Plastic Greenery In Pots – Fake Indoor Plants for Office Desk, Home, Kitchen, Garden, Table &amp; Bathroom/Shower Room Decoration"
Fake Tree Branches Artificial Eucalyptus Plant Uncategorized,Artificial Flora Artificial Plants Beferr Categories Home Home &amp; Kitchen Home Accessories,"Beferr 12 Pcs Artificial Eucalyptus Stems Leaves Faux Eucalyptus Branches, Artificial Flowers Greenery for Flower Arrangement, Home Wedding Party Decoration – Green"
Artificial Eucalyptus Plant Uncategorized,Artificial Flora Artificial Plants Categories Dremisland Home Home &amp; Kitchen Home Accessories,Dremisland Decorative Artificial Plants in Pots Set of 5 – Small Plastic Fake Eucalyptus Plants Potted Mini Faux Succulents Plants for Office Desk Bedroom Bathroom Kitchen Home Decoration
Fake Sansevieria Plant,Home Leaf,"Leaf Artificial Tropical Snake Plant, 50cm Sansevieria"
Fake Tongue Plant,Home Royal Imports,"Royal Imports Artificial Sansevieria Leaf Plant, Life-Like Snake Plant Faux Mother-in-Law Tongue Tree, Dark Green in Decorative Planter – 19″ Tall"
Fake Strelitzia Plant,artplants.de Home,"artplants.de Artificial bird of paradise flower KUMBIA, green, 120cm – Silk Strelitzia/Fake crane flower plant"
Fake Strelitzia Plant,artplants.de Home,"artplants.de Fake plant Strelitzia PAVLOVA, green, 6ft/190cm – Silk bird of paradise/Fake crane flower plant"
Artificial Alstroemeria Flower,FloristryWarehouse Home,FloristryWarehouse Artificial Alstroemeria Bundle Cream 33cm x 5 Stems
Fake Bush,Home Omldggr,Omldggr 12 Bundles Artificial Plants Grass Plastic Greenery Shrub Bushes Plastic Wheat Grass for Indoor Outdoor Home Garden Decoration
Artificial Cypress Tree Fake Spiral Trees,Artificial Eden Home,Artificial Cypress Topiary Spiral Tree – 1.5m (5ft) – UV resistant – Indoor/Outdoor Use
Artificial Lillies,Home Veryhome,"Veryhome 20 Pcs Calla Lily Bridal Bouquet of Flowers Artificial Flower Head Latex Real Touch Home,Party,Wedding Decoration (White-Yellow)"
Artificial Buxus Tree Artificial Cedar Trees Artificial Conifer Tree Fake Spiral Trees,Best Artificial Lawn &amp; Patio,Best Artificial 90cm 3ft Cedar Conifer Spiral Topiary Tree alt Boxwood Buxus **UV Fade Protected**
Artificial Fiddle Fig Leaf Tree,Home Leaf,Leaf Design UK Artificial Realistic Plant Fiddle Fig Tree
Fake Sansevieria Plant,Home Leaf,"Leaf LEAF-7087 Design UK Artificial Sansevieria Yellow Green Indoor Snake Plant, 55cm"
Artificial Christmas Trees Artificial Fir Tree,Home Kaemingk Everlands,"Kaemingk Everlands Artificial Christmas Tree Snowy Grandis Fir, Pine Spruce Metal Fir Xmas Tips Realistic Traditional Natural Green Frosted Snowy 7ft (210cm), SGF-210"
Artificial Buxus Tree Artificial Conifer Tree Fake Plants Fake Spiral Trees,Best Artificial Lawn &amp; Patio,Best Artificial 2 (TM) 90cm 3ft Cedar Conifer Spiral Topiary Trees alt Boxwood Buxus **UV Fade Protected**
Artificial Fiddle Fig Leaf Tree,Home Leaf,"Leaf Design UK Artificial Fiddle Fig Tree Plant Black Plastic Pot, Green, 90cm"
Fake Yucca Plants,GardenersDream Lawn &amp; Patio,Yucca Elephantipes Spinless Yucca Live Indoor Decorative Houseplant in 12cm Pot
Fake Strelitzia Plant,,Fliyeong Artificial Flower Bird of Paradise Fake Plant Silk Strelitzia Reginae Home Decor – Orange Stylish and Popular
Fake Strelitzia Plant,Home Ola Flowers,Ola Flowers 3 x Small Bird of Paradise/Strelitzia Artificial Stems
Fake Strelitzia Plant,FloralStem Home,Large Bird of Paradise Stems – 90 cm Long Artificial Strelitzia Flowers – 6 Stems
Artificial Cone Tree Uncategorized,Lawn &amp; Patio Sarrah Little Store,Sarrah Little Store Artificial Topiary Tree – 3ft Pyramid Cone Tree – Potted Boxwood Plant – High for Garden Indoors Outdoor – Ornamental Tree – Wall Door Decor (Single Artificial Tree)
Artificial Christmas Trees Artificial Fir Tree,Home Kaemingk 240cm (8ft) Grandis Fir Artificial Christmas Tree (681453),"Kaemingk 240cm (8ft) Grandis Fir Artificial Christmas Tree (681453), Multi-coloured, 8 feet"
Artificial Cone Tree Fake Pyramid Trees,Home INMOZATA,INMOZATA Pair of Artificial Topiary Pyramid Cone Tree Boxwood Plant High for Garden Indoors Outdoor (120cm)
Fake Strelitzia Plant,FloralStem Home,Large Bird of Paradise Stems – 105 cm Long Artificial Strelitzia Flowers – set of 6
Artificial Grass,Home YöL,YöL Artificial grass 1x3m garden outdoor green fake lawn astro turf 20mm pile thick
Artificial Grass,Lawn &amp; Patio Quickgrass,"Quickgrass Harvington Luxury Artificial Grass, Green, 2 m x 2 m"
Artificial Christmas Trees Artificial Fir Tree,Home Kaemingk Everlands,Everlands 7 Foot Green Grandis Fir Real Look Christmas Tree 2326 Tips
Artificial Grass,Lawn &amp; Patio Oypla,Oypla 17mm Artificial Grass Mat 4m x 1m Greengrocers Fake Turf Lawn
Artificial Christmas Trees Artificial Fir Tree,CHRISTOW Home,CHRISTOW Realistic Artificial Christmas Tree 6ft Luxury Frosted Alpine Fir (Lights &amp; Decorations not included)
Artificial Christmas Trees Artificial Fir Tree,Home WeRChristmas,"WeRChristmas Nordmann Fir Christmas Tree – 6 feet/1.8 m, Green"
Artificial Christmas Trees Artificial Fir Tree,Home SHATCHI,"SHATCHI Pre-Lit Lapland Fir Artificial Green Christmas Tree Snow Flocked PE PVC Mixed Tips Hinged Branches Bushy Xmas Home Snowy Decorations, Metal Stand – (4ft-10ft), Warm White LEDs, 7ft"
Artificial Christmas Trees Artificial Fir Tree,Home Premier,Premier 7ft Deluxe Silver Tipped Fir Artificial Christmas Tree
Artificial Christmas Trees Artificial Fir Tree,Home Kaemingk,"Kaemingk Xmas Everlands Frosted Artificial Grandis Fir Christmas Tree 6ft, Polyvinyl Chloride, Multi-Coloured, 7ft (210cm)"
Artificial Fir Tree,artplants.de Home,"artplants.de Artificial snow fir SALZBURG SPEED, snow-covered, 7ft/210cm, Ø 5ft/145cm – Plastic fir tree"
Fake Sansevieria Plant,Furniture NearlyNatural,Nearly Natural 33” Sansevieria Artificial Silk Plants Green
Artificial Christmas Trees Artificial Fir Tree,artplants.de Home,"artplants.de Artificial Fir tree AMOS with stand, green, 8ft/240cm, Ø 4ft/125cm – Artificial Christmas tree/Artificial Xmas tree"
Fake Sansevieria Plant,Home vidaXL,vidaXL Artificial Sansevieria Plant with Pot 65cm Green Indoor Lifelike Fake
Artificial Fiddle Fig Leaf Tree,Home Leaf,"Leaf Design UK Artificial Fiddle Fig Tree Plant Black Plastic Pot, Green, 120cm"
Fake Sansevieria Plant,Home Leaf,"Leaf LEAF-7537 70cm Artificial Plant, Moonshine Sansevieria"
Artificial Fiddle Fig Leaf Tree,BESAMENATURE Home,BESAMENATURE 30″ Little Artificial Fiddle Leaf Fig Tree/Faux Ficus Lyrata for Home Office Decoration
Fake Bush,Home NAHUAA,NAHUAA 4Pcs Outdoor Fake Plants UV Resistant Artificial Greenery Bush Faux Plastic Shrubs for Table Centerpieces Arrangements Indoor Home Kitchen Office Windowsill Decorations
Fake Sansevieria Plant,Home Leaf,"Leaf LEAF-7100 Design UK Artificial Sansevieria Yellow Green Indoor Snake Plant, 90cm"
Artificial Cypress Tree Fake Spiral Trees,Artificial Eden Home,Artificial Cypress Topiary Spiral Tree – 1.2m (4ft) – UV resistant – Indoor/Outdoor Use
Fake Bush Fake Fern Plant Fake Outdoor Plants,Home HUAESIN,Huaesin 4 Pieces Artificial Faux Plants
Fake Bush Fake Outdoor Plants,Home Leixi,Leixi 6pcs Artificial Plants
Artificial Grass,Lawn &amp; Patio Tuda Grass Direct,Luxury 30mm Pile Height Artificial Grass | Choose from 47 Sizes on this Listing Natural &amp; Realistic Looking Astro Garden Lawn | 4 x 1m High Density Fake Turf
Artificial Grass,ARKMat Lawn &amp; Patio,4m x 3m | Grand 30mm Pile Height Artificial Grass
Artificial Grass,EverGrass Lawn &amp; Patio,Mulberry 25mm Pile Height Realistic Artificial Grass (2m x 3.5m)
Artificial Grass,ARKMat Lawn &amp; Patio,"ARKMat G6-2-3M St Andrews Artificial Gras, 2 x 3 m"
Fake Bush,Home HUAESIN,HUAESIN 2 Pcs Fake Plants Outdoor Artificial Shrubs Bundles Plants Faux Plastic Plants Greenery Bushes Home Kitchen Office Garden Windowsill Table Centerpieces Arrangements Indoor Outside Decor
Artificial Grass,ARKMat Lawn &amp; Patio,4m x 3m ARKMat Ascot 40mm Pile Height Artificial Grass
Artificial Grass,Grandismo Home Improvement,Grandismo® Artificial Grass Underlay – Impact Shockpad – Underlayment – 1.2m x 12m Roll
Artificial Cone Tree Uncategorized,BPIL Home,Artificial Trees 3ft Pyramid Cone Tree Artificial Topiary Plant 3 feet wood – Outdoor Indoor UK artificial trees – Topiary trees (1)
Artificial Cone Tree Uncategorized,GreenBrokers Home,"GreenBrokers Artificial Boxwood Topiary Cone Shaped Tree (Set of 2) 100cm, Metal Frame"
Artificial Cone Tree Uncategorized,Home Sarrah Little Store,"Artificial Trees – Indoor Outdoor Great Décor Tree – for Home Bedroom Wedding Party – Garden Decoration 3ft / 90cm (Set of 3 Artificial Tree, Pyramid Cone Tree)"
Artificial Cone Tree Fake Pyramid Trees,Home,Artificial Tree: 3ft Pyramid Cone
Artificial Cone Tree Uncategorized,Home Monal,3ft Artificial Pyramid Cone Trees Indoor Outdoor Wall Door Decoration Potted Boxwood Plant Topiary Ornamental Tree 90cm (Pair of Artificial Tree)
Artificial Lillies,Home KIRIFLY,"KIRIFLY Artificial Flowers,Artificial Plants Outdoor 6 Packs Plastic Flowers Fake Calla Lily Faux Plant UV Resistant Greenery for Garden Home Decor (Colorful)"
Artificial Lillies,FiveSeasonStuff Home,FiveSeasonStuff 12 Stems of Artificial White Lily of the Valley Flowers for Home Decorating Wedding Bouquet 38cm (15 inches)
Artificial Cone Tree Artificial Topiary Trees Fake Pyramid Trees,Home,2 x Artificial Trees 3ft Pyramid Cones – Indoor artificial trees – Topiary trees
Artificial Lillies,Home MEIWO,"MEIWO Artificial flowers, 5pcs Artificial Lillies with 3 Buds, Full Bloom Artificial Latex Real Touch Flowers for Home Decor, Wedding, Parties, Offices, Restaurants(White)"
Fake Strelitzia Plant,Beliani Home,Artificial Potted Plant for Indoor Use Modern Plastic Decoration with Black Pot Strelitzia Tree
Fake Strelitzia Plant,FloralStem Home,3 ft Artificial Bird of Paradise Plant Tropical Potted Strelitzia Flowers
Artificial Lillies,FiveSeasonStuff Home,"FiveSeasonStuff 6 Long Stems of Real Touch Artificial White Calla Lily Flowers &amp; Bouquet, for Home Shop Office Restaurant Wedding Party Décor/DIY Flower Arrangement Decoration, 64cm (25.2 inches)"
Artificial Lillies,Best Artificial Home,Best Artificial 45cm Stargazer Lillies 10 Head Flower lily Spray Bunch (Dark Pink)
Fake Strelitzia Plant,FloralStem Home,5 ft Artificial Bird of Paradise Plant Tropical Potted Strelitzia Flowers
Artificial Alstroemeria Flower,Home The Recipe,Autumn Cream Alstroemeria Lily Spray
Fake Strelitzia Plant,Lawn &amp; Patio Red Hot Plants,"Artificial Bird of Paradise Plant (Strelitzia) – 1.2m high, premium quality replica houseplant."
Fake Yucca Plants,Home LJY,LJY 2 Pieces Realistic Artificial Faux Succulent Yucca Vera Greenhouse Small Plants Unpotted for Home Garden Decoration (Spring Green)
Fake Yucca Plants,Lawn &amp; Patio Thompson &amp; Morgan,"Large Yucca House Plant Easy to Grow and Undemanding Spineless Yucca, Long Lasting, 1 x Yucca Elephantipes Plant in a 17cm Pot by Thompson and Morgan"
Fake Yucca Plants,GardenersDream Lawn &amp; Patio,Yucca Elephantipes Plant – Live Premium Evergreen Indoor Houseplant in 12cm Pot
Fake Yucca Plants,Furniture JustArtificial,"Artificial Silk Yucca Stem Plant – 120cm, Red"
Fake Tongue Plant,Furniture JustArtificial,"JustArtificial Artificial Sanserveria, Mother In Law’s Tongue Plant – 62cm, Variegated"
Fake Yucca Plants,Closer2Nature Lawn &amp; Patio,Closer to Nature Artificial 2ft 1″ Yucca Plant – Artificial Silk Plant and Tree Range
Fake Yucca Plants,Garden Market Place Lawn &amp; Patio,Indoor Plant -House or Office Plant -Yucca elephantipes – Spineless Yucca 80cms Tall
Fake Tongue Plant,Home i.LifeUK,3ft Artificial Tree in Gloss Black Milano Pot – 1 x Mother in Law’s Tongue / Snake Plant
Fake Sansevieria Plant,Briful Home,"Briful Artificial Snake Plant 16″/40.6CM Fake Sansevieria Faux Plants in White Ceramic Pot, Perfect for Indoor Outdoor Home Office Garden Modern Desk Decoration"
Fake Sansevieria Plant Fake Tongue Plant,Fycooler Home,"Fycooler Artificial Plants Sansevieria,40cm Faux Snakeplant Sansevieria Laurentii Plant, Mother in Laws Tongue Plant Fake Agave Snake Plant Indoor Greenery Home Office Décor Potted Sansevieria Plant"
Fake Sansevieria Plant Fake Tongue Plant,FSUK Home,Artificial Sansevieria Snake Plant / Mother-in-laws Tongue – 57cm Tall
Fake Sansevieria Plant,Bird Fiy Home,Artificial Snake Plants 30″ Faux Agave Fake Sansevieria Artificial Silk Plant for Home Garden Office Store Decoration 4 Pcs (Yellow)
Fake Tongue Plant,botanicly Lawn &amp; Patio,Indoor Plant -House or Office Plant -Sansevaria – Mother in Laws Tongue Variegated- Approx 30cm Tall
Fake Sansevieria Plant,Beebel Home,Artificial Plants Sansevieria Snake Plant with Black Plastic Planter Greenery Perfect Faux Agave Fake Plants in Pot for Home Office Indoor and Outdoo Décor (13.4″ / 7 Leaves)
Artificial Maple Tree,Home Leaf,Leaf LEAF-7509 60cm Artificial Maple Bonsai Tree
Artificial Topiary Trees Fake Boxwood Trees Fake Spiral Trees,Best Artificial Lawn &amp; Patio,Best Artificial Natural Look 3ft 90cm Boxwood Topiary Spiral Tree UV Fade Protected
Artificial Topiary Trees Fake Boxwood Trees,Furniture Outsunny,Outsunny Set of 2 Artificial Boxwood Ball Topiary Trees Potted Decorative Plant Outdoor and Indoor Décor (67cm)
Artificial Topiary Trees Fake Boxwood Trees,GreenBrokers Lawn &amp; Patio,Triple Ball Artificial Boxwood Topiary Trees 4ft/120cm – Best Quality (Pack of 2)
Fake Banyan Trees,Home Marko Gardening,Marko Gardening 120cm Artificial Tree Realistic Potted Indoor Outdoor Home Bamboo Olive Banyan (Pair of Trees – Artificial Banyan Tree)
Fake Banyan Trees,,Handmade Artificial Banyan Tree
Fake Evergreen Trees Fake Taro Trees,Home momoplant,"momoplant Artificial Indoor Plant Decor, 47inch/120cm Evergreen Taro Palm Tree for Home Office"
Fake Boxwood Trees Fake Pyramid Trees,Greenbrokers Limited Lawn &amp; Patio,"GreenBrokers 2 x Premium Quality Artificial Boxwood Pyramid Trees in Square Planter (3ft/90cm), Black, 90cm"
Artificial Laurel Tree Fake Bay Tree,Home Red Hot Plants,Red Hot Plants PAIR of Artificial Bay Laurel Trees – 1.2m high tree with real wood trunk and natural leaf.
Fake Cherry Blossom Tree,Home YLLSQ,YLLSQ Artificial Cherry Blossom Trees Pure White Cherry Blossom Tree Arch Pink Fake Sakura Flowers Indoor Outdoor Home (10FT/3m)
Fake Lemon Tree,Flowy Lawn &amp; Patio,Lemon Tree Indoor Plant | houseplant | Height 80cm | Pot 22cm | Living Room Ready Potted Citrus Lemon Plant
Fake Olive Tree,Flowy Lawn &amp; Patio,Olive Tree | Olive Trees in pots | Indoor Plant &amp; Outdoor Plant | Olea Europaea | Height 100 cm (3.3ft)
Fake Lemon Tree,Cross Common Nursery Lawn &amp; Patio,Lemon tree Standard – 1 tree
Artificial Laurel Tree,Lawn &amp; Patio vidaXL,vidaXL Artificial Plant Laurel Tree with Pot Home Office Indoor Outdoor Authentic Realistic Faux Fake Flower Greenery Decoration Green 90cm
Fake Lemon Tree,Flowy Lawn &amp; Patio,Lemon Tree Indoor Plant | houseplant | Height 60cm | Pot 22cm | Living Room Ready Potted Citrus Lemon Plant
Fake Orange Tree,Gardens4you Lawn &amp; Patio,Mini Orange Tree 25cm – 1 Tree
Fake Lemon Tree,Lawn &amp; Patio Top Topiary Ltd,Lemon Tree (Four Seasons)
Fake Lemon Tree,Home jinyi2016SHOP,jinyi2016SHOP Artificial Potted Plants Artificial Lemon Tree Plant Artificial Plant Lemon Tree in Weave Pot Potted Fake Plants Flower Home Party Garden Decoration Faux Plants Decor
Fake Bonsai Trees,Home Yyqx,"Yyqx Artificial Plants Artificial Bonsai Pine Tree Desk Display Fake Tree and Lucky Elephant Decorative Sculpture Realistic Faux Potted Plant for Home, Office Decoration Artificial House Plants"
Fake Ficus Trees,Home Leaf,"Leaf Artificial Ficus Tree, White Edge Twist, 130cm"
Fake Bamboo Trees,Furniture Tradala Artificial Trees,Tradala Lush Artificial Tree
Fake Bonsai Trees Fake Potted Tree,Home xinxinchaoshi,"xinxinchaoshi Artificial Plants Artificial Rhododendron Tree Faux Bonsai Tree Faux Potted Houseplant Pebbles, Green, Home Decoration Gifts Indoor House Plant (Color : B)"
Fake Bamboo Trees,Home vidaXL,vidaXL Artificial Bamboo Tree with Pot 80 cm Fake Plant Arrangement Home Decor
Fake Bay Tree,Furniture Woodside,"Woodside Artificial Topiary Bay Leaf Tree’s, 4ft/125cm Indoor/Outdoor Replica Potted Plant Decoration (pack of 2)"
Fake Bonsai Trees,Home NearlyNatural,"Nearly Natural 4966 Cedar Bonsai Artificial Tree, 15-Inch, Green"
Fake Bonsai Trees,Home LOFAMI,LOFAMI Artificial Plants Bonsai Tree Fake Bonsai Artificial Bonsai Tree Welcoming Pine Bonsai Decoration Stone Model House Porch Micro Landscape Green Plant Ceramic Pot Decoration Artificial Bonsai
Fake Bonsai Trees,Home Leaf,"Leaf 45cm Artificial Bonsai Tree, Twisted Ficus Bosai"
Fake Ficus Trees,Home Leaf,"Leaf 120cm Premium Artificial Twist Tree, Dark Bushy Ficus"
Fake Ficus Trees,Lawn &amp; Patio Oypla,Oypla Artificial Ficus Tree Plant 120cm Indoor Outdoor Garden Decoration
Fake Olive Tree,Home Leaf,"Leaf LEAF-7149 Artificial Olive Topiary Fruit Tree Black Plastic Pot-by Design UK, 120cm (4ft)"
Fake Ficus Trees,Home Leaf,"Leaf 140cm Realistic Artificial Japanese Fruticosa Ficus Tree, Green &amp;amp Black"
Fake Ficus Trees,GreenBrokers Home,"GreenBrokers Artificial Variegated Ficus Tree 4ft, Potted Plant"
Fake Ficus Trees Fake Orchid Plant,Furniture HOMESCAPES,Homescapes 4 Feet Green Ficus Tree With Real Wood Stems and Lifelike Leaves Replica Artificial Plant
Fake Olive Tree,Home Leaf,"Leaf LEAF-7148 Artificial Olive Topiary Fruit Tree Black Plastic Pot Design UK, 90cm (3ft)"
Fake Ficus Trees,Home Leaf,"Leaf Design UK 90cm Artificial Ficus Tree/Plant-Large Bushy Shape Black Plastic Pot, Green Bushy Ficus"
Fake Orange Tree,Closer2Nature Home,Closer2Nature FT044OW Artificial 1ft 3” Mini Orange Tree
Fake Orange Tree,Furniture Garden Market Place,Garden Market Place Artificial Plants – 1.2M Tall Artificial Orange Tree With Pot
Fake Orange Tree,Closer2Nature Home,Closer to Nature Artificial 3ft 3″ Orange Tree – Artificial Silk Plant and Tree Range
Fake Cherry Blossom Tree,BCXGS Sports,BCXGS Handmade Gorgeous Artificial Flower Pink Cherry Blossom Tree Fake Vines Flowers for Home Wedding Party Garden Office Christmas decoration
Fake Cherry Blossom Tree,BCXGS Sports,BCXGS Artificial Cherry Blossom Flowers Simulated Artificial Cherry Blossom Tree – for Indoor/Outdoor/Party/Restaurant/Mall Artificial Plant 1.5 m
Fake Cherry Blossom Tree,Home XHN,XHN Beautiful Artificial Flower Pink Large Simulation Cherry Blossom Tree for Wedding Party Indoor and Outdoor Home Decoration(3m)
Fake Evergreen Trees,Home Leaf,"Leaf 100cm Large Fox’s Aglaonema (Spotted Evergreen) Tree Artificial Plant, Green &amp; Silver"
Artificial Laurel Tree,Home soonwell,"Pair Of Artificial Bay Laurel Trees – 4Ft High Tree With Real Wood Trunk And Natural Leaf Indoor Or Outdoor Decorative Replica Plant 120Cm（Green,2）"
Fake Evergreen Trees Fake Ficus Trees,Home Leaf,"Leaf Artificial Tree, Evergreen Ficus, 110cm"
Fake Cherry Blossom Tree,BCXGS Home,"BCXGS Artificial Cherry Blossom Flowers for Home Wedding Party Garden Office Decoration Silk Plants, Big Tree Fake Vines Flowers"
Fake Evergreen Trees Fake Ficus Trees,Home Leaf,Leaf Design UK 95cm Umbrella Tree Dark Green-Extra Large Artificial Evergreen Ficus Plant Black Plastic Pot
Fake Bay Tree Fake Olive Tree,Home Olive Grove,Olive Grove Set of 2-1.6M Tall Artificial Bay Trees With Pots
Fake Bay Tree,Home mewmewcat,mewmewcat Artificial Bay Tree with Pot for Entryway Living Room or Office Decor Realistic Look 120 cm
Fake Bonsai Trees,Home KOET,"KOET Artificial Bonsai Pine Tree,11Inch Faux Potted Plant Desk Display Fake Tree Pot Ornaments, Japanese Cedar Bonsai Plant for Home, Office Decoration"
Fake Bay Tree Fake Pyramid Trees,FabFinds Home,FabFinds Artificial Topiary Tree Pyramid Bay Potted Tree Plant for Garden Patio Outdoor and Indoors – 70cm Tall
Fake Bonsai Trees,artplants.de Home,"artplants.de Artificial Bonsai Tree Pine in planter, 210 needles, 20″/50cm, outdoor – Silk Bonsai/Bonsai Replica"
Fake Bay Tree,CHRISTOW Home,"CHRISTOW Artificial Bay Tree In Pot, Large 3ft 4ft Tall Indoor Outdoor Garden Topiary Ball, Twisted Wooden Trunk, Realistic Lush Green Leaves, Home Office Restaurant, (4ft, 1 pack)"
Fake Bonsai Trees Fake Potted Tree,Home Xuejuanshop,Artificial Bonsai Tree/Welcome Bonsai Simulation Welcoming Pine Artificial Tree Artificial Bonsai Green Plant Potted Plant Indoor New Chinese Style Living Room Coffee Table Decoration Ornaments Faux P
Fake Bonsai Trees,Europalms Home,"Artificial Bonsai Tree, 50cm"
Fake Bamboo Trees,Home Leaf,Leaf Design UK Artificial Bamboo Tree
Fake Bonsai Trees,dxjsf Home,"Artificial Bonsai Tree Artificial Bonsai Welcoming Pine Tree Simulation Potted Plant Decorative Bonsai, Desk Display Fake Tree in Ceramic Pot for Home, Office, Shop Decorative Gifts Simulation Tree"
Fake Bonsai Trees,Briful Home,14.1″ Artificial Bonsai Tree Fake Plant Japanese Bonsai Decoration Potted Faux Pine Plants Bonsai Tree for Indoor/Outdoor Home Office Hotel Décor
Fake Banana Trees,artplants.de Home,"artplants.de Artificial Banana tree AMARU, 6ft/180cm – Fake tree"
Fake Bamboo Trees,Home Leaf,Artificial Bamboo Tree XL 4ft
Fake Bamboo Trees,Home vidaXL,Artificial Bamboo Plant with Pot 120cm
Artificial Laurel Tree,Home Leaf,"Leaf LEAF-7207-PAIR Pair Stem Artificial Topiary Bay Laurel Ball Trees, Green Twist, 90cm (3ft)"
Fake Banana Trees,artplants.de Home,"artplants.de Faux Banana plant BAGHEERA, 6ft/180cm – Silk banana tree/Artificial banana plant"
Fake Bamboo Trees,Home INMOZATA,INMOZATA Artificial Bamboo Tree Artificial Tree Fake Decorative Plants 6ft/180cm High in Pot for Indoor Outdoor Garden
Fake Bamboo Trees,Home Leaf,"Leaf Artificial Bamboo Plants Trees-XL Realistic-120cm, Natural Brown, 120cm"
Fake Bamboo Trees,Home INMOZATA,INMOZATA Artificial Tree Artificial Bamboo Tree Fake Decorative Plants 5ft/150cm High in Pot for Indoor Outdoor Garden
Artificial Laurel Tree,Best Artificial Lawn &amp; Patio,Best Artificial 4ft 120cm Bay Laurel Tree garden conservatory office plant (1)
Artificial Laurel Tree Fake Bay Tree,Home,4ft Artificial Laurel Bay Plant Indoor Topiary Trees in pot Fake Plant 120cm Artificial Bay Laurel Topiary Garden Decor Green
Fake Banana Trees,Home vidaXL,vidaXL Artificial Banana Tree Plant with Pot 150cm Green Fake Lifelike Indoor
Artificial Laurel Tree Fake Bay Tree,Home Leaf,"Leaf LEAF-7089 Artificial Stem Topiary Bay Tree Laurel Ball Style in Black Plastic Pot, Green Twist, 120cm (4ft)"
Fake Monstera Plant,Home Leaf,"Leaf LEAF-7539 70cm Artificial Twisted Stem Plant, Monstera Vine"
Fake Monstera Plant,FloralStem Home,FloralStem 100 cm Artificial Monstera Plant Tropical Potted
Fake Monstera Plant,Home Leaf,"Leaf Artificial Monstera Plant, 120cm"
Fake Monstera Plant,FloralStem Home,FloralStem 100 cm Artificial Monstera Plant Multi Branch Tropical Potted
Fake Monstera Plant,Home Leaf,Leaf LEAF-7068 Artificial Monstera Plant 60cm Black Pot
Fake Monstera Plant,Home,DWANCE Artificial Potted Simulation Monstera Plant with Plastic anti-stone Faux Plant Turtle Back Leaf Fake Plastic Plant for Home Office Table Kitchen Shelf Bedroom Decoration Indoor Outdoor 40cm
Fake Palm Trees,Furniture HOMESCAPES,HOMESCAPES Sago Palm Tree Artificial Cycas Plant Home Office Indoor Decorative Plant Green 75 cm (2.5 ft) with Black Pot
Fake Palm Trees,Home Leaf,"Leaf LEAF-7075 Design UK Realistic Extra Large Artificial Princess Palm Tree, 100cm Brown Trunk"
Fake Pineapple Trees &amp; Plants,Geko Home,"Geko Artificial Pineapple Tree 68cm, Green, Large, One Size"
Fake Palm Trees,Home INMOZATA,INMOZATA Artificial Areca Palm Tree Tropcial Plant Decorative Plants in Pot for Indoor Outdoor Garden 130cm
Artificial Cheese Plant Fake Monstera Plant Fake Palm Trees,Furniture Outsunny,"Outsunny 100cm/3.3FT Artificial Monstera Tree Decorative Cheese Plant 21 Leaves with Nursery Pot, Fake Tropical Palm Tree for Indoor Outdoor Décor"
Fake Pineapple Trees &amp; Plants,Home Lvydec,"Lvydec Potted Artificial Succulent Decoration, Fake Pineapple Plant for Home Office Tabletop Decoration (White)"
Fake Monstera Plant,Home Leaf,"Leaf LEAF-7543 120cm Artificial Twisted Stem Plant, Monstera Vine"
Fake Monstera Plant,Home OTARTU,"OTARTU Potted Fake Plants Artificial Monstera Deliciosa Tropical Plants with Pot, Home Office Desk,Book Shelf Decoration 25cm H"
Fake Monstera Plant,Home Leaf,"Leaf LEAF-7542 60cm Artificial Twisted Stem Plant, Monstera Vine, 59cm"
Artificial Agapanthus Plants,artplants.de Home,"artplants.de Artificial agapanthus NASH, blue, 30″/75cm – Fake agapanthus"
Fake Monstera Plant,Home Leaf,"Leaf LEAF-7541 65cm Artificial Twisted Stem Plant, Monstera Vine"
Fake Taro Trees,Geko Home,"Geko Artificial Taro Tree with 3 Trunks 150cm, Green, Large, One Size"
Fake Monstera Plant,Home Leaf,"Leaf LEAF-7540 90cm Artificial Twisted Stem Plant, Monstera Vine"
Fake Pyramid Trees,Greenbrokers Limited Home,2 x Artificial Boxwood Topiary Pyramid Trees in Black Square Planter (4ft/120cm)
Fake Pyramid Trees,Furniture Tradala Artificial Trees,Tradala 4’ Lush Artificial Pyramid Bay Tree 120cm / 4ft Tall with Real Wood Trunk – For Home Living Room Indoors
Artificial Cheese Plant,artplants.de Home,"artplants.de Plastic Split Philodendron seedling, 4 leaves, potted, 4ft/120cm – Cheese plant/Artificial philodendron"
Artificial Cheese Plant,Garden Market Place Home,Garden Market Place 1.2M Tall Artificial Cheese Plant (Monstera) Complete With 34cm Granite effect planter
Artificial Cheese Plant,artplants.de Home,"artplants.de Fake Philodendron Selloum AWEO, 3ft/95cm – Artificial cheese plant/Faux monstera plant"
Artificial Cheese Plant,artplants.de Home,"artplants.de Fake Philodendron Monstera Deliciosa LASO, 4ft/120cm – Artificial cheese plant/Faux monstera plant"
Artificial Cheese Plant,artplants.de Home,"artplants.de Fake philodendron selloum SILAS, 80cm – Artificial cheese plant/Faux monstera plant"
Artificial Cheese Plant,artplants.de Home,"artplants.de Artificial Philodendron Monstera Deliciosa ARELA, green, 33″/85cm – Artificial cheese plant/Faux monstera plant"
Fake Palm Trees,Home Outsunny,Outsunny 140cm/4.6FT Artificial Palm Plant Decorative Tree w/ 20 Leaves Nursery Pot Fake Plastic Indoor Outdoor Greenery Home Office Décor
Fake Palm Trees,Home Outsunny,Outsunny Artificial Palm Tree
Fake Palm Trees,Furniture Outsunny,Outsunny 150cm(5ft) Artificial Palm Tree Decorative Indoor Faux Green Plant w/Leaves Home Décor Tropical Potted Home Office
Fake Palm Trees,Home Outsunny,Outsunny 120cm/4FT Artificial Palm Tree Decorative Plant w/ 19 Leaves Nursery Pot Fake Plastic Indoor Outdoor Greenery Home Office Décor
Fake Palm Trees,Home Leaf,"Leaf LEAF-7107 90cm Artificial Areca Palm Tree-Large, Green"
Artificial Cheese Plant,Garden Market Place Lawn &amp; Patio,Indoor Plant -House or Office Plant -Monstera deliciosa – Swiss Cheese Plant Approx 60cms Tall
Fake Spiral Trees,GreenBrokers Lawn &amp; Patio,Artificial Spiral Boxwood Topiary Trees 3ft/96cm – Best Quality (Set of 2)
Fake Pineapple Trees &amp; Plants,Buzz Home,BUZZ Miniature Artificial Pineapple Plant/Succulent/Houseplant in White Pineapple Shape Ceramic Plant Pot with Pebble Detail – 12cm
Fake Palm Trees,Best Artificial Home,Best Artificial Spider Finger Palm Tree Tropical Office Conservatory Indoor Outdoor Garden Plant … (3ft / 90cm)
Fake Spiral Trees,GreenBrokers Lawn &amp; Patio,2 x Artificial Topiary Boxwood Spiral Trees (3ft/90cm)
Artificial Buxus Tree Fake Spiral Trees,Lawn &amp; Patio Red Hot Plants,"Artificial Buxus (Boxwood) Topiary Spiral Tree – Real Wood Trunk, suitable for Outdoor use."
Fake Pineapple Trees &amp; Plants,BLASCOOL Home,BLASCOOL Fake Plants Artificial Succulent Decor – Fake Pineapple Faux Decorative Plants in Port for Home Kitchen Bathroom bedroomby (Rosegold)
Fake Pineapple Trees &amp; Plants,Best Artificial Home,Best Artificial 30cm x 15cm Large Realistic Pineapple Fruit
Fake Palm Trees,Best Artificial Home,Best Artificial 150cm / 5ft Areca Palm Tree Tropical Office Conservatory Indoor Outdoor Garden Plant
Fake Palm Trees,Furniture Tradala Artificial Trees,Tradala 3’ Lush Artificial Tree Palm 90cm / 3ft Tall with Real Wood Trunk – For Home Living Room Indoors
Fake Palm Trees,Furniture Tradala Artificial Trees,Tradala 4’3” Lush Artificial Tree Large Palm 130cm / 4ft 3” Tall with Real Wood Trunk – For Home Living Room Indoors
Fake Palm Trees,Furniture Tradala Artificial Trees,Tradala 3’ Lush Artificial Tree in White Pot – Palm 90cm / 3ft Tall with Real Wood Trunk – For Home Living Room Indoors
Fake Palm Trees,FloralStem Home,Artificial Fan Palm Phoenix Tree Home Office Interior Decoration
Fake Spiral Trees,Home Leaf,"Leaf Design UK Artificial Boxwood Spiral Trees with Metal Tips, Mixed Materials, Green, 90cm"
Fake Spiral Trees,GreenBrokers Lawn &amp; Patio,"Artificial Topiary Boxwood Spiral Trees (4ft/120cm), Pack of 2"
Artificial Buxus Tree Fake Spiral Trees,Best Artificial Home,Best Artificial 3ft 90cm Boxwood Buxus Topiary Spiral Tree **UV Fade Protected**
Fake Aloe Vera Plants,HOMESCAPES Kitchen,"Homescapes Lifelike Small Artificial Succulent Potted Aloe Vera Plant in Round Black Plastic Pot, 30cm Tall Lifelike Faux Cactus for Indoor Decoration"
Fake Spiral Trees,Furniture Outsunny,Outsunny Set of 2 Artificial Boxwood Spiral Topiary Trees Potted Decorative Plant Outdoor and Indoor Décor 112cm
Artificial Wisteria Plant,Home Tifuly,"Tifuly 12 Pcs Artificial Wisteria Vines, 3.6 FT Fake Wisterias with 3 Branches, Long Wall Garland Silk Hanging Flower for Home Party Wedding Ceiling Decoration(12Pcs,Off-White)"
Artificial Trailing Plants,Furniture MIHOUNION,MIHOUNION 2pcs Artificial Trailing Plants Fake Hanging Plants Plastic Faux Foliage Greenery House Plant for Indoor Outside Home Bedroom Garden Wedding Hanging Pot Basket Decor
Fake Caladium Plant,Home vidaXL,vidaXL Artificial Caladium Plant with Pot 70cm Green and Red Lifelike Fake
Artificial Trailing Plants,Home KingYH,KingYH 2 Pack Artificial Trailing Hanging Plants Green Leaves Ivy Faux Plastic Fake Hanging Garland Ivy Vine for Home Garden Wedding Wall Hanging Basket Decoration
Fake Agave Plants,Home NearlyNatural,"Nearly Natural 6565 Agave Decorative Silk Plant, Green,25x25x25"
Fake Fern Plant,Home Leaf,"Leaf LEAF-7050 Artificial Bird’s Nest Fern Plant Black Plastic Pot, 60cm"
Fake Agave Plants,Home NearlyNatural,"Nearly Natural Agave with Black Planter Artificial Plant, Green"
Fake Anthurium Plant,Home NearlyNatural,Nearly Natural Anthurium Artificial Terracotta Planter Silk Plants Red
Fake Aloe Vera Plants,Home Wrenbury,"Wrenbury Artificial Aloe Vera Plant in White Plant Pot, 30cm | Reversible Stand | Luxury Artificial Plant Fake Plants | Decorative Home Decor Indoor Succulent Plant Pot"
Artificial Wisteria Plant,Home XHXSTORE,XHXSTORE 12PCS 3.6 Feet Wisteria Artificial Flowers Hanging Wisteria Garland Fake Wisteria Vine Ratta Faux Silk Wisteria Ivy Hanging Flower Wedding Garden Home Party Hotel Decor White
Fake Aloe Vera Plants,Home The Recipe,The Recipe Miniature Aloe Vera in Glass Pot
Artificial Trailing Plants,Home NAHUAA,NUHUAA 2Pcs Artificial Hanging Plants Spring Fake Ivy Hanging Purple Plastic Fake Trailing Weeping Artificial Plant for Wall Indoor Outdoor Garden Wedding Hanging Decoration 75cm/29. 5Inch
Fake Anthurium Plant,Home NearlyNatural,"Nearly Natural 24” Mixed Anthurium (Set of 2) Artificial Plant, Red"
Artificial Trailing Plants,Home NIBESSER,"NIBESSER 2 Packs Hanging Plants Fake Artificial Ivy Vines Green, Artificial Hanging Vines Spring Leaf Drooping Trailing Weeping Plants, Artificial Vines for Wall Bedroom Indoor Outside Garden Wedding"
Artificial Trailing Plants,Home MIHOUNION,MIHOUNION 2pcs Fake Trailing Climbing Plants Artificial Hanging Ferns Plant Plastic Hanging Greenery kimberly Queen Boston Fern for Wall Indoor Outside Hanging Basket Decor
Artificial Wisteria Plant,Home VINFUTUR,VINFUTUR 5 x 7 FT Artificial Wisteria Vine Garland Plants Fake Flowers Hanging Garland for Home Party Garden Wedding Decoration (Purple)
Fake Fern Plant,Home XHXSTORE,XHXSTORE 2 Pcs Artificial Fern Plants Fake Fern Indoor Outdoor Hanging Plastic Plants Faux Shrubs Greenery Bushes Big Boston Fern for Home Garden Verandah Wedding Hanging Basket Decor 48cm
Fake Orchid Plant,Furniture Olrla,Olrla White Artificial Phalaenopsis Orchid Plant in Pot for Table Office Home Wedding Party Garden Decor (White 1)
Fake Hydrangea Plant,Home XONOR,"XONOR 4 Packs Artificial Silk Hydrangea Fake Bridal Bridesmaid Flower Bouquet for Wedding Party Home Decoration, 10 heads, 36cm (Green)"
Fake Orchid Plant,Home HOMESCAPES,HOMESCAPES Large Artificial Pink Orchid in Pot 82 m Tall Lifelike Faux Orchid Plant In Grey Cement Pot Real Touch Silk Flowers and Green Leaves Phalaenopsis Orchid Flower for Indoor Decoration
Fake Orchid Plant,Furniture HOMESCAPES,HOMESCAPES Oriental Style White Orchid in a Contemporary Black Pot 70 cm – Artificial Flowers and Plants for Indoor Decoration
Fake Orchid Plant,Home HOMESCAPES,"Homescapes Large Burgundy Orchid with Artificial Silk Flowers in Grey Stone Pot, 57cm Tall with Lifelike Petals"
Fake Dracaena Plant,Kitchen vidaXL,vidaXL Artificial Dracaena Plant with Pot 90cm Green Fake Lifelike Indoor
Fake Orchid Plant,Famibay Home,Famibay Artificial Orchid Plant in Pot White Phalaenopsis Flowers Fresh Real Touch Orchid Flowers for Home Decoration
Fake Dracaena Plant,Home Jiande,Nearly Natural 4ft. Corn Stalk Dracaena Silk Plant Real Touch Green 125cm Artificial Floor Potted Plants Fake Plant for Interior Home Decoration
Fake Dracaena Plant,Home Leaf,"Leaf Ceramic Drip Glazed Planter with Artificial Plant, green dracaena, 20cm, LEAF-7437"
Fake Dracaena Plant,Home Leaf,"Leaf Design UK Artificial Dracaena Plant with Black Pot, Plastic, Variegated, 90cm"
Fake Dracaena Plant,Home Leaf,"Leaf LEAF-7069 Design UK 75cm Artificial Dracaena Plant-Wide Trunk Triple Branch Large Black Plastic Pot, Variegated"
Fake Dracaena Plant,Garden Market Place Lawn &amp; Patio,Indoor Plant -House or Office Plant -Dracaena marginata – Madagascar Dragon Tree Approx 80cm Tall
Fake Fern Plant,Home,Silk Giant Boston Fern Bush – Green Artificial Plant
Fake Fern Plant,Home XHXSTORE,XHXSTORE 2 Pack Artificial Hanging Vines Plants Boston Fern Leaves Plastic Gypsophila Flowers Fake Ivy Vine Trailing Weeping Greenery Drooping Plant Garland for Wall Indoor Outdoor Basket Decoration
Fake Orchid Plant Fake Plants,Home U'Artlines,U’Artlines Artificial Phalaenopsis Orchid Arrangement in Vase Decorative Artificial Orchid Flower Real Touch Home Office Party Decoration 38cm H
Artificial Eucalyptus Plant Uncategorized,ALAGIRLS Artificial Flora Artificial Plants Categories Home Home &amp; Kitchen Home Accessories,Decorative Artificial Plants in Pots Set of 4 – Small Plastic Fake Plants Indoor with Pot – Eucalyptus Rosemary Succulents Mini Faux Plants for Wall Desk Bedroom Decoration
Artificial Eucalyptus Plant Uncategorized,Artificial Flora Artificial Plants Categories GraduationMall Home Home &amp; Kitchen Home Accessories,"GraduationMall Faux Eucalyptus Garland Plant,2 Pack 12ft Artificial Foliage Fake Leaves,Ivy Vine Greenery Garland for Wedding Party Home Decor"
Fake Orchid Plant,Home RENATUHOM,RENATUHOM Pink Flowers Artificial Orchid Bonsai Fake Orchid Plant Phalaenopsis Orchid Artificial Flowers in Vase For Decoration Home Office Table Table Centerpiece
Artificial Eucalyptus Plant Uncategorized,Artificial Flora Artificial Plants Categories Generic Home Home &amp; Kitchen Home Accessories,"FEJKA Artificial Potted Plant, In/outdoor Decoration Hanging [Eucalyptus 9cm]"
Artificial Eucalyptus Plant Uncategorized,Artificial Flora Artificial Plants Categories Dremisland Home Home &amp; Kitchen Home Accessories,Dremisland Artificial Plant Eucalyptus – Set of 3 Decorative Artificial Hanging Plants with Pots Fake Vine Hanging Leaves Decorative Home Garden Office Shelf Wall Decoration
Fake Fern Plant,Home LumenTY,LumenTY 6 Pcs Artificial Fern Bush Plants Shrubs Greenery Artificial plant Faux Plastic Green Plant Decoration for Indoor and Outdoor Home Dining Table Garden Office Balcony Wedding Party Decoration
Fake Orchid Plant,Home RENATUHOM,RENATUHOM Artificial Orchid Purple Flower Orchid Flowers Artificial Plants Orchid Pot Flowers Silk Flower In Vase Kitchen Table Centerpiece Bathroom Ornament Home Decorative Flowers
Fake Fern Plant,Home Milisten,Milisten 4pcs Boston Fern Artificial Plants Fake Vines Hanging Ivy Decor Plastic Greenery for Wall Indoor Outdoor Wedding Garland Decor Yellow Green
Fake Tree Branches Artificial Eucalyptus Plant Uncategorized,Artificial Flora Artificial Plants Categories Home Home &amp; Kitchen Home Accessories YMIFEEY,"20 Pcs Artificial Eucalyptus Stems Leaves Faux Eucalyptus Leaves Branches Garland Faux Flowers Plants for Flower Arrangement, Wedding, Home, Garden, Table Centerpiece, Party Decoration"
Artificial Eucalyptus Plant Uncategorized,Artificial Flora Artificial Plants Categories Home Home &amp; Kitchen Home Accessories ToKinCen,"2Pcs Artificial Potted Plants Fake Vine Hanging Leaves, Faux Plants Artificial Eucalyptus Vine in Pot Room Scenes Decorative Home Kitchen Garden Office Wedding Wall Decoration"
Fake Anthurium Plant,Flair Home,"Flair Flower anthurium Pot anthurie Flamingo Exotic Blum red Plastic Plants Made of Textile Artificial Decorative Flowers, 42x20x20 cm"
Artificial Eucalyptus Plant Uncategorized,Artificial Flora Artificial Plants Categories Home Home &amp; Kitchen Home Accessories VINFUTUR,VINFUTUR 12Pcs Artificial Plants Fake Eucalyptus Bouquet Greenery Shrub Bushes UV Resistant Plants 2 Bunches for Home Wedding Party Garden Decoration (Purple Green)
Artificial Eucalyptus Plant Fake Eucalyptus Plant,Home OFFIDIX,OFFIDIX Potted Artificial Plants Faux Plastic Plants with Pots ini Plastic Eucalyptus Plants for Home Office Decoration
Artificial Eucalyptus Plant Uncategorized,Home Home &amp; Garden YQing,YQing 2 Pcs Artificial Eucalyptus Garland Faux Eucalyptus Leaves Vines Handmade Plastic Garland Greenery Hanging Plant Wedding Arch Wall Table Party Decor
Fake Anthurium Plant,artplants.de Home,"artplants.de Artificial Anthurium with 3 blooms, 25 leaves, 31″/80cm – Plastic flower anthurium/Artificial plant"
Fake Fern Plant,Fycooler Home,"Fycooler Faux Boston Ferns,Artificial Plants Vines Hanging Leaves Artificial Greenery Garland/Wreath 190cm in Length for Wedding Backdrop Arch Wall Decorations Studio Garden Home Décor"
Fake Anthurium Plant,Flower Home,"Artificial Calla Anthurium Plant Potted,Fake Plant Bonsai Artificial FlowerLily Faux Potted Plant with Black Pot for Home, Office, Indoor and Outdoor Occasions Decor (Color : Red)"
Fake Fern Plant,Home JaneYi,JaneYi 6 Pieces Artificial Boston Fern Plant Artificial Phoenix Grass Fake Plastic Greenery Shrub Floral Arrangement Filler Leaf for DIY Indoor Outside Home Office Cafe Kitchen Balcony Garden Decor
Fake Dracaena Plant,Garden Market Place Lawn &amp; Patio,Indoor Plant -House or Office Plant -Dracaena marginata – Madagascar Dragon Tree 120cm
Fake Fern Plant,DXLing Home,DXLing 2 Pieces 80cm Fake Ferns Plants Artificial Ivy Garland Fake Boston Ferns Persian Rattan Artificial Hanging Plants Faux Plants Artificial Hanging Vines Plants for Wall Wedding Hanging Decoration
Fake Fern Plant,Briful Home,4 PCS Artificial Boston Fern Branches Fern Shrubs Leaf Spray Faux Greenery Artificial Plant for Home Garden Wedding Decoration Floral Arrangement
Fake Dracaena Plant,artplants.de Home,"artplants.de Artificial dracaena reflexa PHILOMENA, real trunks, green, 160cm – Faux dracaena/Imitation plant"
Fake Dracaena Plant,artplants.de Home,"artplants.de Artificial Bush of Dracaena in decorative pot, green, 7ft/215cm – Fake dracaena/Decorative plant"
Fake Dracaena Plant,artplants.de Home,"artplants.de Artificial Dracaena marginata RADO, green-red, 6ft/180cm – Plastic dracaena/Decoration plant"
Fake Agave Plants,Furniture HOMESCAPES,"HOMESCAPES Green Agave Americana Artificial Succulent Plant with Brown Pot, 60 cm (24″)"
Fake Dracaena Plant,Geko Home,"Geko Artificial Dracaena Marginata tree, 120cm"
Fake Orchid Plant,FagusHome Home,FagusHome 32 Inches Artificial Phalaenopsis Flowers 4 Pcs with 2 bundles Leaves Artificial Orchid Flowers Stem Plants for Home Décor (White)
Fake Dracaena Plant,artplants.de Home,"artplants.de Plastic Dracaena Fragrans Compact, 4ft/120cm – Artificial Dracaena – Office Decoration"
Fake Orchid Plant,Briful Home,"Briful Artificial Flower Orchid Flowers Plant Silk Phalaenopsis in Silver Ceramic Pot for Wedding Dinning Table Centerpiece Home Decor, Pink Lifelike Fake Flower"
Fake Orchid Plant,Home RENATUHOM,Artificial Orchid White Orchid Plant Silk Flowers Real Touch Fake Orchid Artificial Flowers Bonsai With Silver Ceramic Vase Artificial Potted Plant For Home Bedroom Kitchen Bathroom Table Decoration
Fake Orchid Plant,Briful Home,17″ Artificial Orchid Phalaenopsis Flowers Decorative Orchid Bonsai Fake Flowers Silk Orchid Flower with Silver Ceramic Pot for Table Centerpieces Living Room Home Décor
Fake Orchid Plant,Briful Home,15″ Artificial Phalaenopsis Flowers Arrangement Artificial Orchid Bonsai in Silver Pot Fake Flowers Silk Orchid Flower for Table Centerpieces Living Room Home Décor
Fake Orchid Plant,Asvert Home,Asvert Phalaenopsis Artificial Flower Orchid Bonsai with Ceramic Vase Wedding Party Home Centerpiece Decor (Pink)
Fake Hydrangea Plant,Home Tifuly,"Tifuly Artificial Hydrangea Flower, 5 PCS Realistic Single Long Stem Silk 6.6 Inch Flower Head Hydrangea Bouquets for Wedding, Home, Hotel, Party Decoration, Floral Arrangement(White)"
Fake Hydrangea Plant,Home VINFUTUR,"VINFUTUR 3 Bunches Artificial Peony Silk Flowers Fake Peony Silk Hydrangea Bouquet Bridal Bouquet for Wedding, Party, Home Decoration (White)"
Fake Hydrangea Plant,Home SNAILGARDEN,"SNAILGARDEN 30 Heads Artificial Hydrangea Flower,5 Packs Silk Realistic Hydrangea Bunch Bouquet with Greeting Card for Wedding Party Decoration Arrangement Gift(White,Blue,Green,Pink,Purple)"
Fake Hydrangea Plant,FiveSeasonStuff Home,FiveSeasonStuff Real Touch Petals and Leaves Artificial Hydrangea Flowers Long Stem Floral Arrangement | for Wedding Bridal Party Home Décor DIY Floral Decoration | 2 Stems (White | Pale Green)
Fake Hydrangea Plant,Famibay Home,"Famibay Hydrangea Fake Flowers 3 Pcs Artificial Flowers Bouquet Wedding Party Floral Décor Hydrangea Flower for Garden (3Pcs, Blue)"
Artificial Wisteria Plant,Home Souarts,Souarts Artificial Wisteria Basket Artificial Vine Flowers for Hanging Basket Fake Hanging Flowers Simulation Flowers Vine Wedding Bouquet Home Decoration
Fake Hydrangea Plant,Decpro Home,"Decpro 6Pcs Artificial Hydrangeas, 6.6” Single Stem Hydrangea Silk Flowers for Bridal Wedding Bouquets, Home, Office, Hotel, Party Decoration, Centerpieces, Floral Arrangements (Purple)"
Fake Caladium Plant,E E-NICES Electronics,Artificial Caladium Plant with Pot 70 cm Green and Red
Fake Caladium Plant,Home Tidyard,Tidyard Artificial Plant Caladium Tree with Pot Outdoor&amp;Indoors Plant Bonsai Display in Home 70 cm Green and Red
Artificial Wisteria Plant,Closer2Nature Lawn &amp; Patio,Closer2Nature Artificial 5ft Lilac Wisteria Tree – Portofino Planter Not Included
Artificial Wisteria Plant,Home MJARTORIA,MJARTORIA 2pcs Artificial Wisteria Vine Artificial Plants Fake Flowers Hanging Plant Wall Home Balcony Basket Decor for Home Decor Indoor
Artificial Wisteria Plant,Home Pauwer,Pauwer 24 Pieces Artificial Flowers Fake Wisteria Garland Hanging Wisteria Silk Flowers for Home Decoration Weddings Home Garden Party
Artificial Wisteria Plant,GreenBrokers Home,"GreenBrokers Premium Artificial Lilac Wisteria Tree 150 cm Potted Plant, Purple"
Fake Spiral Trees,Home Leaf,"Leaf LEAF-7164 Artificial Boxwood Tower Tree Topiary Spiral Twist Metal Top Design UK, 120cm (4Ft) Tall"
Artificial Buxus Tree Fake Spiral Trees,Home momoplant,momoplant Set of 2 UV Artificial Milan Tree，Artificial Spiral Boxwood Topiary Tree，Pair of 80cm Faux Buxus Plant for Outdoor Indoor Decor
Fake Spiral Trees,Home momoplant,momoplant 35 Inch Spiral Topiary Artificial Outdoor Artificial Topiary Tree Faux Topiaries swirl Tree Indoor Boxwood Spiral Topiary Trees 2 Pack
Artificial Buxus Tree Fake Spiral Trees,Home momoplant,"momoplant 2 Set Artificial Spiral Boxwood Topiary Trees, 3 Ft / 90cm Realistic Buxus for Outdoor and Indoor Decor with Black Pot"
Artificial Trailing Plants,Home KingYH,KingYH 2 Pack Artificial Hanging Vines Plants Plastic Fake Trailing Weeping Ivy Vine Greenery Drooping Plant for Wall Indoor Outside Garden Wedding Hanging Pot Basket Decoration
Artificial Trailing Plants,Hawesome Home,Hawesome artificial Hanging Plant Ivy Vines Trailing Plant Ivy Garland Wall Leaves Greenery Garden Decoration 1 Set without basket
Artificial Trailing Plants,FUJIE Home,FUJIE 2 Pcs Artificial Ivy Vine Artificial Plants Fake Ivy Hanging Garland Trailing Bracket plant for Outdoor Indoor Hanging Basket Decor
Fake Aloe Vera Plants,HOMESCAPES Kitchen,"Homescapes Lifelike Large Artificial Succulent Potted Aloe Vera Plant in Round Black Plastic Pot, 45cm Tall Lifelike Faux Cactus for Indoor Decoration"
Artificial Trailing Plants,Home HUAESIN,HUAESIN 2 Pcs Artificial Trailing Plants Face Trailing Ivy Plants Fake Silk Hanging Willow Leaves Ivy Vine Plastic Faux False Weeping Drooping Plants House Wedding Garden Wall In/Outdoor Decor
Fake Aloe Vera Plants,HOMESCAPES Kitchen,"Homescapes Lifelike Artificial Succulent Purple &amp; Green Aloe Vera Plant in Round Decorative Black Pot, 21cm Tall for Indoor Use"
Fake Aloe Vera Plants,GardenersDream Lawn &amp; Patio,"Fantastic Delightful Aloe Vera Plant Excellent healing benefit – Aloe Vera Gel – Next day delivery option – Aloe Vera, Aloe vera plants, Aloe plant, Aloe Vera plant, Healing, Aloe Vera Gel, evergreen, easy care, treating burns cuts rashes, gift, plant gif"
Fake Aloe Vera Plants,Best Artificial Home,Best Artificial 60cm 2ft Aloe Vera Plant Indoor Outdoor Tropical Office Conservatory Garden Tree
Fake Aloe Vera Plants,Flair Home,"Flair Flower Succulents in Wooden Arrangement Fake Cactus Artificial Pot Green Plant Aloe Vera Flower Table Decoration, ca. 11x8x13 cm"
Artificial Hanging Plants Artificial Ivy Plants,CQURE Home,"CQURE 24 Pack 168Ft Artificial Ivy Garland,Ivy Garland Fake vine UV Resistant Green Leaves Fake Plants Hanging Vine Plant for Wedding Party Garden Wall Decoration"
Artificial Hanging Plants Artificial Ivy Plants,Home Mocoosy,"Mocoosy 2 Pack Artificial Hanging Plants with Baskets, Fake Hanging Ivy Vine Wall Hanging Plants Greenery for Home Garden Room Wedding Decorations"
Artificial Christmas Trees Artificial Hanging Plants Artificial Ivy Plants,CCINEE Home,CCINEE 2 Pieces 35.4″ Artificial Ivy Hanging Vine Plant Leaves Garland for Christmas Wedding Party Garden Wall Decoration
Artificial Christmas Trees Artificial Hanging Plants Artificial Ivy Plants,Home SMALUCK,SMALUCK 24 Pack 168 Ft Artificial Ivy Garland Fake Ivy Vine Hanging Plant for Christmas Decorations Wedding Garland Fake Foliage Flowers Home Kitchen Garden Office Wedding Wall Decor
Artificial Hanging Plants Artificial Ivy Plants,Home SPTwj,SPTwj 2 Pack Artificial Ivy Vine Artificial Plants Fake Ivy Hanging Home garden Office Outdoor Indoor Decor Red
Artificial Ivy Plants,Home MARTHA&amp;IVAN,"MARTHA&amp;IVAN Artificial Ivy –M&amp;I Design 14 Pack 115Ft, Fake Ivy Garland Decorations,Fake Plants,Fake Vine,Vine Decoration for Wedding,Party, Garden, Home Decoration (14 Pack Ivy)"
Artificial Hanging Plants Artificial Ivy Plants,Home YGSAT,YGSAT 2 PCS Hanging Garland Vine Flower Trailing Bracket plant| Artificial Ivy|Artificial Flowers Fake Wisteria Office Decoration Home Decoration Party Decoration Wedding Decoration-Green
Artificial Hanging Plants Artificial Ivy Plants,Home Warmiehomy,"Warmiehomy Artificial Plants Wisteria Ivy Vine Hanging Fake Flower Vine Greenery Garland for Wedding Party Home Wall Balcony Outdoor Summer Decoration, Hot Pink"
Artificial Hanging Plants Artificial Ivy Plants,Home SPTwj,SPTwj 2 Pack Artificial Ivy Vine Artificial Plants Fake Ivy Hanging Home Office Outdoor Indoor Decor Total length of about 77 cm yellow
Artificial Hanging Plants Artificial Ivy Plants,Home SPTwj,SPTwj 2 Pack Artificial Ivy Vine Artificial Plants Fake Ivy Hanging Home Office Outdoor Indoor Decor Total length of about 77 cm Purple
